<?xml version="1.0" encoding="UTF-8"?>
<project-private xmlns="http://www.netbeans.org/ns/project-private/1">
    <editor-bookmarks xmlns="http://www.netbeans.org/ns/editor-bookmarks/2" lastBookmarkId="0"/>
    <open-files xmlns="http://www.netbeans.org/ns/projectui-open-files/2">
        <group>
            <file>file:/C:/Users/danie/OneDrive/Documentos/ESTRUCTURA%20DE%20DATOS/Estructura_de_datos/JavaApplication5/src/javaapplication5/Iu1.java</file>
            <file>file:/C:/Users/danie/OneDrive/Documentos/ESTRUCTURA%20DE%20DATOS/Estructura_de_datos/JavaApplication5/src/javaapplication5/JavaApplication5.java</file>
            <file>file:/C:/Users/danie/OneDrive/Documentos/ESTRUCTURA%20DE%20DATOS/Estructura_de_datos/JavaApplication5/src/javaapplication5/Cola.java</file>
        </group>
    </open-files>
</project-private>
